native-201810-diagnostics-burden-2-0/20190215-170738-2d92c023/HepB/burden_report.html,HepB
native-201810-diagnostics-burden-2-0/20190215-170738-2d92c023/Hib/burden_report.html,Hib
native-201810-diagnostics-burden-2-0/20190215-170738-2d92c023/HPV/burden_report.html,HPV
native-201810-diagnostics-burden-2-0/20190215-170738-2d92c023/JE/burden_report.html,JE
native-201810-diagnostics-burden-2-0/20190215-170738-2d92c023/Measles/burden_report.html,Measles
native-201810-diagnostics-burden-2-0/20190215-170738-2d92c023/MenA/burden_report.html,MenA
native-201810-diagnostics-burden-2-0/20190215-170738-2d92c023/PCV/burden_report.html,PCV
native-201810-diagnostics-burden-2-0/20190215-170738-2d92c023/Rota/burden_report.html,Rota
native-201810-diagnostics-burden-2-0/20190215-170738-2d92c023/Rubella/burden_report.html,Rubella
native-201810-diagnostics-burden-2-0/20190215-170738-2d92c023/YF/burden_report.html,YF
native-201810-diagnostic-reports-archive/20190213-154416-256c72b8/HepB/impact_report.html,HepB
native-201810-diagnostic-reports-archive/20190213-154416-256c72b8/Hib/impact_report.html,Hib
native-201810-diagnostic-reports-archive/20190213-154416-256c72b8/HPV/impact_report.html,HPV
native-201810-diagnostic-reports-archive/20190213-154416-256c72b8/JE/impact_report.html,JE
native-201810-diagnostic-reports-archive/20190213-154416-256c72b8/Measles/impact_report.html,Measles
native-201810-diagnostic-reports-archive/20190213-154416-256c72b8/MenA/impact_report.html,MenA
native-201810-diagnostic-reports-archive/20190213-154416-256c72b8/PCV/impact_report.html,PCV
native-201810-diagnostic-reports-archive/20190213-154416-256c72b8/Rota/impact_report.html,Rota
native-201810-diagnostic-reports-archive/20190213-154416-256c72b8/Rubella/impact_report.html,Rubella
native-201810-diagnostic-reports-archive/20190213-154416-256c72b8/YF/impact_report.html,YF
